{
    "loss": 0.52625972032547,
    "accuracy": 0.9396551847457886
}